Nom;Adresse;Téléphone;Horaires (Jours et Heures);Remarques;Catégorie;Type cuisine;Expérience
CHEZ SAVY;23 Rue Bayard, 75008;01 47 23 46 98;"lundi : 12:00–14:30, 19:00–23:00
mardi : 12:00–14:30, 19:00–23:00
mercredi : 12:00–14:30, 19:00–23:00
jeudi : 12:00–14:30, 19:00–23:00
vendredi : 12:00–14:30, 19:00–23:00
samedi : Fermé
dimanche : Fermé";Rétro Art déco;Brasserie/ Institution;Français Traditionnel;Terrasse
LA COUPOLE;102 Bd du Montparnasse, 75014;01 43 20 14 20;"lundi : 08:00–23:00
mardi : 08:00–00:00
mercredi : 08:00–00:00
jeudi : 08:00–00:00
vendredi : 08:00–00:00
samedi : 08:00–00:00
dimanche : Fermé";Brasserie emblématique;Brasserie/ Institution;Français Traditionnel;Terrasse
GRAND CAFÉ CAPUCINES;4 Bd des Capucines, 75009;01 43 12 19 00;"lundi : 07:00–01:00
mardi : 07:00–01:00
mercredi : 07:00–01:00
jeudi : 07:00–01:00
vendredi : 07:00–01:00
samedi : 07:00–01:00
dimanche : 07:00–01:00";Terrasse, 9e;Brasserie/ Institution;Français Traditionnel;Terrasse
BOFINGER;5–7 Rue de la Bastille, 75004;01 42 72 87 82;"lundi : 12:00–15:00, 18:30–23:00
mardi : 12:00–15:00, 18:30–23:00
mercredi : 12:00–15:00, 18:30–23:00
jeudi : 12:00–15:00, 18:30–23:00
vendredi : 12:00–15:00, 18:30–00:00
samedi : 12:00–15:00, 18:30–00:00
dimanche : 12:00–15:00, 18:30–23:00";Belle Époque;Brasserie/ Institution;Français Traditionnel;Rien
L’ATTILLIO;184 Rue du Fbg St-Honoré, 75008;01 59 30 29 34;"lundi : 12:00–14:00, 19:00–00:00
mardi : 12:00–14:00, 19:00–00:00
mercredi : 12:00–14:00, 19:00–00:00
jeudi : 12:00–14:00, 19:00–02:00
vendredi : 12:00–14:00, 19:00–02:00
samedi : 19:00–02:00
dimanche : Fermé";Gastronomique, 8e;Cuisine du Monde;Italien/ Méditerranéen;Rien
LE TRAIN BLEU;Gare de Lyon, Pl. Louis Armand hall 1, 75012;01 43 43 09 06;"lundi : 11:15–14:15, 19:00–22:15
mardi : 11:15–14:15, 19:00–22:15
mercredi : 11:15–14:15, 19:00–22:15
jeudi : 11:15–14:15, 19:00–22:15
vendredi : 11:15–14:15, 19:00–22:15
samedi : 11:15–14:15, 19:00–22:15
dimanche : 11:15–14:15, 19:00–22:15";Historique, Gare;Brasserie/ Institution;Français Traditionnel;Lieu d’exception
RESTAURANT ARBORÉ;29 Rue de l’Arcade, 75008;01 88 32 74 27;"lundi : 12:00–14:30
mardi : 12:00–14:30
mercredi : 12:00–14:30
jeudi : 12:00–14:30
vendredi : 12:00–14:30
samedi : Fermé
dimanche : Fermé";Responsable, Contemporain;Trendy/ Festif;Haute Gastronomie;Terrasse
LE CLARENCE;31 Av. Franklin Roosevelt, 75008;01 82 82 10 10;"lundi : Fermé
mardi : 12:30–13:30, 19:30–21:00
mercredi : 12:30–13:30, 19:30–21:00
jeudi : 12:30–13:30, 19:30–21:00
vendredi : 12:30–13:30, 19:30–21:00
samedi : 12:30–13:30, 19:30–21:00
dimanche : Fermé";Grand luxe, 8e;Étoilé;Haute Gastronomie;Terrasse
LA FONTAINE DE MARS;129 Rue Saint-Dominique, 75007;01 47 05 46 44;"lundi : 12:00–14:30, 19:00–23:00
mardi : 12:00–14:30, 19:00–23:00
mercredi : 12:00–14:30, 19:00–23:00
jeudi : 12:00–14:30, 19:00–23:00
vendredi : 12:00–14:30, 19:00–23:00
samedi : 12:00–14:30, 19:00–23:00
dimanche : 12:00–14:30, 19:00–23:00";Brasserie chic, Terrasse;Brasserie/ Institution;Français Traditionnel;Terrasse
CHEZ L’AMI LOUIS;32 Rue du Vertbois, 75003;01 48 87 77 48;"lundi : Fermé
mardi : 12:30–13:15, 19:30–22:30
mercredi : 12:30–13:15, 19:30–22:30
jeudi : 12:30–13:15, 19:30–22:30
vendredi : 12:30–13:15, 19:30–22:30
samedi : 12:30–13:15, 19:30–22:30
dimanche : 12:30–13:15, 19:30–22:30";Haut de gamme, 3e;Brasserie/ Institution;Français Traditionnel;Rien
L’AMI JEAN;27 Rue Malar, 75007;01 47 05 86 89;"lundi : Fermé
mardi : 12:00–14:00, 19:00–23:00
mercredi : 12:00–14:00, 19:00–23:00
jeudi : 12:00–14:00, 19:00–23:00
vendredi : 12:00–14:00, 19:00–23:00
samedi : 12:00–14:00, 19:00–23:00
dimanche : Fermé";Chaleureuse, 7e;Brasserie/ Institution;Français Traditionnel;Rien
BRASSERIE LIPP;151 Bd Saint‑Germain, 75006;01 45 48 53 91;"lundi : 09:00–02:00
mardi : 09:00–02:00
mercredi : 09:00–02:00
jeudi : 09:00–02:00
vendredi : 09:00–02:00
samedi : 09:00–02:00
dimanche : 09:00–02:00";Iconique, 6e;Brasserie/ Institution;Français Traditionnel;Terrasse
LE BON GEORGES;45 Rue Saint‑Georges, 75009;01 48 78 40 30;"lundi : 12:00–14:30, 19:00–22:30
mardi : 12:00–14:30, 19:00–22:30
mercredi : 12:00–14:30, 19:00–22:30
jeudi : 12:00–14:30, 19:00–22:30
vendredi : 12:00–14:30, 19:00–22:30
samedi : 12:00–14:30, 19:00–22:30
dimanche : 12:00–14:30, 19:00–22:30";Brasserie, Vins;Brasserie/ Institution;Français Traditionnel;Terrasse
LE COLIMAÇON;44 Rue Vieille du Temple, 75004;01 48 87 12 01;"lundi : 18:30–23:00
mardi : 18:30–23:00
mercredi : 18:30–23:00
jeudi : 18:30–23:00
vendredi : 18:30–23:00
samedi : 18:30–23:00
dimanche : 12:30–14:30, 18:30–23:00
";Cadre chaleureux, 4e;Confidentiel;Français Traditionnel;Rien
BISTROT PAUL BERT;18 Rue Paul Bert, 75011;01 43 72 24 01;"lundi : Fermé
mardi : 12:00–14:00, 19:30–23:00
mercredi : 12:00–14:00, 19:30–23:00
jeudi : 12:00–14:00, 19:30–23:00
vendredi : 12:00–14:00, 19:30–23:00
samedi : 12:00–14:00, 19:30–23:00
dimanche : Fermé
";Familiale, Généreuse;Brasserie/ Institution;Français Traditionnel;Terrasse
LA TABLE DES GOURMETS;14 Rue des Lombards, 75004;01 40 27 00 87;"lundi : 12:00–14:30, 19:00–23:00
mardi : 12:00–14:30, 19:00–23:00
mercredi : 12:00–14:30, 19:00–23:00
jeudi : 12:00–14:30, 19:00–23:00
vendredi : 12:00–14:30, 19:00–23:00
samedi : 12:00–14:30, 19:00–23:00
dimanche : 12:00–14:30, 19:00–23:00
";Insolite (Chapelle 12e s);Étoilé;Haute Gastronomie;Rien
LE GRAND CAFÉ;Pl. Clemenceau (Grand Palais);01 85 09 40 50;"lundi : 12:00–02:00
mardi : 12:00–02:00
mercredi : 12:00–02:00
jeudi : 12:00–02:00
vendredi : 12:00–02:00
samedi : 12:00–02:00
dimanche : 12:00–02:00
";Tard le soir, 8e;Brasserie/ Institution;Français Traditionnel;Terrasse
FRANÇOIS FELIX;9 Rue Boissy d’Anglas, 75008;01 42 65 04 05;"lundi : 07:00–00:30
mardi : 07:00–00:30
mercredi : 07:00–00:30
jeudi : 07:00–00:30
vendredi : 07:00–00:30
samedi : 09:00–00:30
dimanche : 12:00–00:30
";À côté du Ritz;Confidentiel;Français Traditionnel;Terrasse
NECTAR;7 Rue Mayran, 75009;01 42 80 00 00;"lundi : Fermé
mardi : 12:00–14:30, 19:00–23:00
mercredi : 12:00–14:30, 19:00–23:00
jeudi : 12:00–14:30, 19:00–23:00
vendredi : 12:00–14:30, 19:00–23:00
samedi : 12:00–14:30, 19:00–23:00
dimanche : Fermé
";Design, 9e;Trendy/ Festif;Haute Gastronomie;Terrasse
LE PETIT LUTETIA;107 Rue de Sèvres, 75006;01 45 48 33 53;"lundi : 12:00–15:00, 19:00–23:00
mardi : 12:00–15:00, 19:00–23:30
mercredi : 12:00–15:00, 19:00–23:30
jeudi : 12:00–15:00, 19:00–23:30
vendredi : 12:00–15:00, 19:00–23:30
samedi : 12:00–16:00, 19:00–23:30
dimanche : 12:00–16:00, 19:00–23:00
";Rétro élégante, 6e;Brasserie/ Institution;Français Traditionnel;Terrasse
LE VOLTAIRE;27 Quai Voltaire, 75007;01 42 61 17 49;"lundi : 12:00–15:30, 19:00–22:30
mardi : 12:00–15:30, 19:00–22:30
mercredi : 12:00–15:30, 19:00–22:30
jeudi : 12:00–15:30, 19:00–22:30
vendredi : 12:00–15:30, 19:00–22:30
samedi : 12:00–15:30, 19:00–22:30
dimanche : 12:00–15:30, 19:00–22:30
";Salle boisée, Terrasse;Brasserie/ Institution;Français Traditionnel;Terrasse
L’ATELIER MAÎTRE ALBERT;1 rue Maître Albert, 75005;01 56 81 30 01;"lundi : 12:00–14:30, 18:30–21:30
mardi : 12:00–14:30, 18:30–21:30
mercredi : 12:00–14:30, 18:30–21:30
jeudi : 12:00–14:30, 18:30–21:30
vendredi : 12:00–14:30, 18:30–21:30
samedi : 12:00–14:30, 18:30–21:30
dimanche : 12:00–14:30, 18:30–21:30
";Guy Savoy, Historique;Confidentiel;Français Traditionnel;Rien
ALLARD;41 rue St-André-des-Arts, 75006;01 43 26 48 23;"lundi : 12:00–14:00, 19:00–22:00
mardi : 12:00–14:00, 19:00–22:00
mercredi : 12:00–14:00, 19:00–22:00
jeudi : 12:00–14:00, 19:00–22:00
vendredi : 12:00–14:00, 19:00–22:00
samedi : 12:00–14:00, 19:00–22:00
dimanche : 12:00–14:00, 19:00–22:00
";Authentique, 6e;Brasserie/ Institution;Français Traditionnel;Rien
LE TAILLEVENT;15 Rue Lamennais, 75008;01 44 95 15 01;"lundi : 19:15–21:00
mardi : 12:00–13:30, 19:15–21:00
mercredi : 12:00–13:30, 19:15–21:00
jeudi : 12:00–13:30, 19:15–21:00
vendredi : 12:00–13:30, 19:15–21:00
samedi : Fermé
dimanche : Fermé
";2* Michelin, Classique;Étoilé;Haute Gastronomie;Rien
APICIUS;20 Rue d'Artois, 75008;01 43 80 19 66;"lundi : 12:15–13:30, 19:15–21:30
mardi : 12:15–13:30, 19:15–21:30
mercredi : 12:15–13:30, 19:15–21:30
jeudi : 12:15–13:30, 19:15–21:30
vendredi : 12:15–13:30, 19:15–21:30
samedi : 12:15–13:30, 19:15–21:30
dimanche : Fermé
";1* Michelin, Raffiné;Étoilé;Haute Gastronomie;Lieu d’exception
LA DAME DE PIC;20 Rue du Louvre, 75001;01 42 60 40 40;"lundi : Fermé
mardi : Fermé
mercredi : 12:00–13:30, 19:00–21:30
jeudi : 12:00–13:30, 19:00–21:30
vendredi : 12:00–13:30, 19:00–21:30
samedi : 12:00–13:30, 19:00–21:30
dimanche : 12:00–13:30, 19:00–21:30
";1* Michelin, Élégant;Étoilé;Haute Gastronomie;Rien
LA GRANDE CASCADE;Rte de la Vge aux Berceaux, 75016;01 45 27 33 51;"lundi : 12:30–13:30, 19:30–21:30
mardi : 12:30–13:30, 19:30–21:30
mercredi : 12:30–13:30, 19:30–21:30
jeudi : 12:30–13:30, 19:30–21:30
vendredi : 12:30–13:30, 19:30–21:30
samedi : 12:30–13:30, 19:30–21:30
dimanche : 12:30–13:30, 19:30–21:30
";2* Michelin, Luxueux;Étoilé;Haute Gastronomie;Lieu d’exception
LE PRÉ CATELAN;Bois de Boulogne, 75016;01 44 14 41 14;"lundi : Fermé
mardi : Fermé
mercredi : 12:00–14:00, 19:00–20:15
jeudi : 12:00–14:00, 19:00–20:15
vendredi : 12:00–14:00, 19:00–20:15
samedi : 12:00–14:00, 19:00–20:15
dimanche : Fermé
";3* Michelin, Opulent;Étoilé;Haute Gastronomie;Lieu d’exception
PASSIONEE;17 Rue Bergère, 75009;01 42 28 58 14;"lundi : Fermé
mardi : 12:00–14:30, 19:00–22:30
mercredi : 12:00–14:30, 19:00–22:30
jeudi : 12:00–14:30, 19:00–22:30
vendredi : 12:00–14:30, 19:00–22:30
samedi : 12:00–14:30, 19:00–22:30
dimanche : 12:00–14:30, 19:00–22:30
";3* Michelin, Tamisé;Étoilé;Haute Gastronomie;Rien
MALLORY GABSI;28 rue des Acacias, 75017;09 52 96 09 99;"lundi : 12:30–13:15, 19:30–21:15
mardi : 12:30–13:15, 19:30–21:15
mercredi : 12:30–13:15, 19:30–21:15
jeudi : 12:30–13:15, 19:30–21:15
vendredi : 12:30–13:15, 19:30–21:15
samedi : Fermé
dimanche : Fermé
";1* Michelin;Étoilé;Haute Gastronomie;Rien
LE GABRIEL;42 avenue Gabriel, 75008;01 58 36 60 66;"lundi : 12:30–13:30, 19:30–21:30
mardi : 12:30–13:30, 19:30–21:30
mercredi : 12:30–13:30, 19:30–21:30
jeudi : 12:30–13:30, 19:30–21:30
vendredi : 12:30–13:30, 19:30–21:30
samedi : Fermé
dimanche : Fermé
";2* Michelin, La Réserve;Étoilé;Haute Gastronomie;Terrasse
OGATA PARIS;16 Rue Debelleyme, 75003;01 80 97 76 80;"lundi : Fermé
mardi : Fermé
mercredi : 12:30–15:00, 19:00–23:00
jeudi : 12:30–15:00, 19:00–23:00
vendredi : 12:30–15:00, 19:00–23:00
samedi : 12:30–15:00, 19:00–23:00
dimanche : 12:30–15:00, 19:00–23:00
";1* Michelin, Omakase;Cuisine du Monde;Japonais;Terrasse
SUSHI YOSHINAGA;27 Rue du 4 septembre, 75002;07 57 81 46 46;"lundi : Fermé
mardi : 19:00–21:30
mercredi : 19:00–21:30
jeudi : 19:00–21:30
vendredi : 19:00–21:30
samedi : 19:00–21:30
dimanche : Fermé
";1* Michelin, Comptoir;Étoilé;Japonais;Rien
BENOIT;20 rue Saint-Martin, 75004;01 42 72 25 76;"lundi : 12:00–14:00, 19:00–22:00
mardi : 12:00–14:00, 19:00–22:00
mercredi : 12:00–14:00, 19:00–22:00
jeudi : 12:00–14:00, 19:00–22:00
vendredi : 12:00–14:00, 19:00–22:00
samedi : 12:00–14:00, 19:00–22:00
dimanche : 12:00–14:00, 19:00–22:00
";Historique, Ducasse;Brasserie/ Institution;Français Traditionnel;Rien
CHEZ FRANCIS;7 Place de l’Alma, 75008;01 47 20 86 83;"lundi : 08:30–23:30
mardi : 08:30–23:30
mercredi : 08:30–23:30
jeudi : 08:30–23:30
vendredi : 08:30–23:30
samedi : 08:30–23:30
dimanche : 08:30–23:30
";Vue Tour Eiffel;Brasserie/ Institution;Français Traditionnel;Vue Tour Eiffel
L’AVENUE;41 Avenue Montaigne, 75008;01 40 70 14 91;"lundi : 08:00–01:00
mardi : 08:00–01:00
mercredi : 08:00–01:00
jeudi : 08:00–01:00
vendredi : 08:00–01:00
samedi : 09:00–00:30
dimanche : 09:00–00:30
";Terrasse, People-watching;Trendy/ Festif;Fusion;Terrasse
KINUGAWA;55 avenue de Sax;01 81 69 07 49;"lundi : 12:00–14:30, 19:00–23:30
mardi : 12:00–14:30, 19:00–23:30
mercredi : 12:00–14:30, 19:00–23:30
jeudi : 12:00–14:30, 19:00–23:30
vendredi : 12:00–14:30, 19:00–23:30
samedi : 12:00–14:30, 19:00–23:30
dimanche : 12:00–14:30, 19:00–23:30
";Épuré, Miroirs;Cuisine du Monde;Japonais;Rien
MISS KÔ;49-51 Av. George V, 75008;01 53 67 84 60;"lundi : 12:00–02:00
mardi : 12:00–02:00
mercredi : 12:00–02:00
jeudi : 12:00–02:00
vendredi : 12:00–02:00
samedi : 12:00–02:00
dimanche : 12:00–02:00
";Trendy, Festif, Musique;Trendy/ Festif;Fusion;Terrasse
LE RELAIS DE L’ENTRECÔTE;15 Rue Marbeuf, 75008;01 49 52 07 17;"lundi : 12:00–14:30, 18:30–23:00
mardi : 12:00–14:30, 18:30–23:00
mercredi : 12:00–14:30, 18:30–23:00
jeudi : 12:00–14:30, 18:30–23:00
vendredi : 12:00–14:30, 18:30–23:00
samedi : 12:00–15:00, 18:30–23:00
dimanche : 12:00–15:00, 18:30–23:00
";Friendly, Menu unique;Brasserie/ Institution;Viande/ Steakhouse;Terrasse
PEDRA ALTA;25 Rue Marbeuf, 75008;01 40 70 09 99;"lundi : 12:00–01:00
mardi : 12:00–01:00
mercredi : 12:00–01:00
jeudi : 12:00–01:00
vendredi : 12:00–01:00
samedi : 12:00–01:00
dimanche : 12:00–01:00
";Seafood, Convivial;Cuisine du Monde;Produits de la Mer;Rien
SIAMIN;19 Rue Bayard, 75008;01 47 20 23 70;"lundi : 12:00–15:00, 19:00–23:00
mardi : 12:00–15:00, 19:00–23:00
mercredi : 12:00–15:00, 19:00–23:00
jeudi : 12:00–15:00, 19:00–23:00
vendredi : 12:00–15:00, 19:00–23:00
samedi : 12:00–15:00, 19:00–23:00
dimanche : Fermé
";Gastronomique, Temple;Cuisine du Monde;Asie Sud Est;Rien
LASSERRE;17 Av. Franklin Roosevelt, 75008;01 43 59 02 13;"lundi : Fermé
mardi : 19:00–21:30
mercredi : 19:00–21:30
jeudi : 19:00–21:30
vendredi : 19:00–21:30
samedi : 19:00–21:30
dimanche : Fermé
";Toit ouvrant, Luxe;Étoilé;Haute Gastronomie;Lieu d’exception
MATIGNON;3 Av. Matignon, 75008;01 42 89 64 72;"lundi : 08:00–02:00
mardi : 08:00–02:00
mercredi : 08:00–02:00
jeudi : 08:00–02:00
vendredi : 08:00–02:00
samedi : 10:00–02:00
dimanche : 10:00–02:00
";Boîte de nuit, Terrasse;Trendy/ Festif;Fusion;Terrasse
MANKO;15 Av. Montaigne, 75008;01 82 28 00 15;"lundi : 19:00–02:00
mardi : 19:00–02:00
mercredi : 19:00–02:00
jeudi : 19:00–02:00
vendredi : 19:00–02:00
samedi : 19:00–02:00
dimanche : Fermé
";Chic, Festif;Trendy/ Festif;Latino/ Sud Américain;Rien
LE CARRÉ ELYSÉE;49 Av. Franklin Roosevelt, 75008;01 43 59 91 06;"lundi : Fermé
mardi : 07:00–00:00
mercredi : 07:00–00:00
jeudi : 07:00–00:00
vendredi : 07:00–00:00
samedi : 07:00–00:00
dimanche : 07:00–00:00
";Terrasse, Végétarien;Confidentiel;Français Traditionnel;Terrasse
L’ENTRECOTE DE PARIS;29 Rue de Marignan, 75008;01 42 25 28 60;"lundi : 11:30–23:30
mardi : 11:30–23:30
mercredi : 11:30–23:30
jeudi : 11:30–23:30
vendredi : 11:30–23:30
samedi : 11:30–23:30
dimanche : 11:30–23:30
";Animé, Art Nouveau;Brasserie/ Institution;Viande/ Steakhouse;Terrasse
RIVIERA FUGA;10 Port des Invalides, 75007;06 61 05 87 80;"lundi : 12:00–01:00
mardi : 12:00–01:00
mercredi : 12:00–01:00
jeudi : 12:00–01:00
vendredi : 12:00–01:00
samedi : 12:00–01:00
dimanche : 12:00–01:00
";Sur Péniche, Cocktails;Trendy/ Festif;Italien/ Méditerranéen;Terrasse
GRAN CAFFE CONVIVIUM;28 Rue Marbeuf, 75008;06 36 55 55 55;"lundi : 09:00–00:00
mardi : 09:00–00:00
mercredi : 09:00–00:00
jeudi : 09:00–00:00
vendredi : 09:00–00:00
samedi : 09:00–00:00
dimanche : 09:00–00:00
";Sicilien, All day service;Cuisine du Monde;Italien/ Méditerranéen;Terrasse
BEAUVAU SAINT HONORÉ;4 Rue des Saussaies, 75008;01 44 94 03 09;"lundi : 07:00–00:00
mardi : 07:00–00:00
mercredi : 07:00–00:00
jeudi : 07:00–00:00
vendredi : 07:00–00:00
samedi : 11:30–00:00
dimanche : Fermé
";Chic;Confidentiel;Français Traditionnel;Terrasse
BEEF BAR;5 Rue Marboeuf, 75008;01 44 31 40 00;"lundi : 12:30–14:30, 19:30–23:30
mardi : 12:30–14:30, 19:30–23:30
mercredi : 12:30–14:30, 19:30–23:30
jeudi : 12:30–14:30, 19:30–23:30
vendredi : 12:30–14:30, 19:30–23:30
samedi : 12:30–14:30, 19:30–23:30
dimanche : 12:30–14:30, 19:30–23:30
";Chic, Moderne;Trendy/ Festif;Viande/ Steakhouse;Terrasse
BOEUF SUR LE TOIT;34 rue du colisée, 75008;01 53 93 65 50;"lundi : Fermé
mardi : 19:00–02:00
mercredi : 19:00–02:00
jeudi : 19:00–02:00
vendredi : 19:00–02:00
samedi : 19:00–02:00
dimanche : 19:00–02:00
";Musical, Historique;Trendy/ Festif;Français Traditionnel;Terrasse
FOUQUET'S;99 Av. des Champs-Élysées;01 40 69 60 50;"lundi : 07:30–00:00
mardi : 07:30–00:00
mercredi : 07:30–00:00
jeudi : 07:30–00:00
vendredi : 07:30–00:00
samedi : 07:30–00:00
dimanche : 07:30–00:00
";Mythique, 8e;Brasserie/ Institution;Français Traditionnel;Terrasse
BAMBINI ;13 Av. du Président Wilson, 75116;01 40 70 86 08;"lundi : 12:00–15:00, 19:00–23:00
mardi : 12:00–15:00, 19:00–23:00
mercredi : 12:00–15:00, 19:00–23:00
jeudi : 12:00–15:00, 19:00–23:00
vendredi : 12:00–15:00, 19:00–23:00
samedi : 12:00–15:00, 19:00–23:00
dimanche : 12:00–15:00, 19:00–23:00
";Festif, Palais de Tokyo;Trendy/ Festif;Italien/ Méditerranéen;Vue Tour Eiffel
ANNA;14 Rue Marbeuf, 75008;01 45 51 74 14;"lundi : 12:00–15:00, 19:30–23:30
mardi : 12:00–15:00, 19:30–23:30
mercredi : 12:00–15:00, 19:30–23:30
jeudi : 12:00–15:00, 19:30–23:30
vendredi : 12:00–15:00, 19:30–23:30
samedi : 12:00–15:00, 19:30–23:30
dimanche : 12:00–15:00, 19:30–23:30
";Raffiné;Cuisine du Monde;Italien/ Méditerranéen;Terrasse
KEI ;5 Rue Coq Héron, 75001;01 42 33 14 74;"lundi : Fermé
mardi : 19:45–21:00
mercredi : 19:45–21:00
jeudi : 19:45–21:00
vendredi : 12:30–13:15, 19:45–21:00
samedi : 12:30–13:15, 19:45–21:00
dimanche : Fermé
";3* Michelin;Étoilé;Haute Gastronomie;Rien
LE CINQ (GEORGE V);31 avenue George-V, 75008;01 49 52 71 54;"lundi : Fermé
mardi : 19:00–21:30
mercredi : 19:00–21:30
jeudi : 19:00–21:30
vendredi : 19:00–21:30
samedi : 19:00–21:30
dimanche : Fermé
";3* Michelin, Palace;Étoilé;Haute Gastronomie;Lieu d’exception
LE MEURICE;228 rue de Rivoli, 75001;01 44 58 10 55;"lundi : 19:00–21:30
mardi : 19:00–21:30
mercredi : 19:00–21:30
jeudi : 19:00–21:30
vendredi : 19:00–21:30
samedi : Fermé
dimanche : Fermé
";2* Michelin, Grolet;Étoilé;Haute Gastronomie;Lieu d’exception
SHANG PALACE;10 Av. d'Iéna, 75116;06 61 86 56 86;"lundi : Fermé
mardi : Fermé
mercredi : Fermé
jeudi : 12:00–14:00, 18:30–22:00
vendredi : 12:00–14:00, 18:30–22:00
samedi : 12:00–14:00, 18:30–22:00
dimanche : 12:00–14:00, 18:30–22:00
";1* Michelin, Opulent;Étoilé;Chinois;Rien
BRASSERIE LUTETIA;43 Bd Raspail, 75006;01 49 54 46 92;"lundi : 07:00–22:30
mardi : 07:00–22:30
mercredi : 07:00–22:30
jeudi : 07:00–22:30
vendredi : 07:00–22:30
samedi : 07:00–22:30
dimanche : 07:00–22:30
";Terrasse, Palace;Brasserie/ Institution;Français Traditionnel;Terrasse
L’OISEAU BLANC;19 Avenue Kléber, 75008;01 58 12 28 88;"lundi : 12:00–14:00, 19:00–22:00
mardi : 12:00–14:00, 19:00–22:00
mercredi : 12:00–14:00, 19:00–22:00
jeudi : 12:00–14:00, 19:00–22:00
vendredi : 12:00–14:00, 19:00–22:00
samedi : 12:00–14:00, 19:00–22:00
dimanche : 12:00–14:00, 19:00–22:00
";Vue Tour Eiffel, Peninsula;Étoilé;Haute Gastronomie;Vue Tour Eiffel
COCO;Opéra Garnier, 75009;01 42 68 68 68;"lundi : 12:00–15:00, 18:30–02:00
mardi : 12:00–15:00, 18:30–02:00
mercredi : 12:00–15:00, 18:30–02:00
jeudi : 12:00–15:00, 18:30–02:00
vendredi : 12:00–15:00, 18:30–02:00
samedi : 12:00–15:00, 18:30–02:00
dimanche : 12:00–15:00, 18:30–02:00
";Chic, Terrasse;Trendy/ Festif;Français Traditionnel;Lieu d’exception
PERRUCHE;9 rue d’Aguesseau, 75008;01 40 34 01 23;"lundi : 12:00–15:00, 19:00–02:00
mardi : 12:00–15:00, 19:00–02:00
mercredi : 12:00–15:00, 19:00–02:00
jeudi : 12:00–15:00, 19:00–02:00
vendredi : 12:00–15:00, 19:00–02:00
samedi : 12:30–16:00, 19:00–02:00
dimanche : 12:30–16:00, 19:00–02:00
";Brunch, Rooftop;Trendy/ Festif;Italien/ Méditerranéen;Vue Tour Eiffel
JARDINS DU FAUBOURG;29 passage du Havre, 75009;01 86 54 15 15;"lundi : 10:00–19:00
mardi : 10:00–19:00
mercredi : 10:00–19:00
jeudi : 10:00–19:00
vendredi : 10:00–19:00
samedi : 10:00–19:00
dimanche : 10:00–19:00
";Paisible, 9e;Confidentiel;Haute Gastronomie;Lieu d’exception
CAFÉ 52 (GRAND POWERS);52 Rue François Ier, 75008;01 47 23 91 05;"lundi : 07:00–00:00
mardi : 07:00–00:00
mercredi : 07:00–00:00
jeudi : 07:00–00:00
vendredi : 07:00–00:00
samedi : 07:00–00:00
dimanche : 07:00–00:00
";Brunch, Chic;Trendy/ Festif;Fusion;Terrasse
HOTEL BRACH;1-7 Rue Jean Richepin, 75016;01 44 30 10 00;"lundi : 07:00–23:00
mardi : 07:00–23:00
mercredi : 07:00–23:00
jeudi : 07:00–23:00
vendredi : 07:00–23:00
samedi : 07:00–23:00
dimanche : 07:00–23:00
";Design, Starck;Trendy/ Festif;Italien/ Méditerranéen;Vue Tour Eiffel
LA BAUHINIA;10 av d’léna, 75116;06 61 86 56 86;"lundi : 12:00–14:00, 19:00–22:00
mardi : 12:00–14:00, 19:00–22:00
mercredi : 12:00–14:00, 19:00–22:00
jeudi : 12:00–14:00, 19:00–22:00
vendredi : 12:00–14:00, 19:00–22:00
samedi : 12:00–14:00, 19:00–22:00
dimanche : 12:00–14:00, 19:00–22:00
";Sous dôme, Palace;Cuisine du Monde;Asie Sud Est;Lieu d’exception
PUR’;5 rue de la Paix, 75002;01 58 71 10 60;"lundi : Fermé
mardi : 19:00–21:15
mercredi : 19:00–21:15
jeudi : 19:00–21:15
vendredi : 19:00–21:15
samedi : 19:00–21:15
dimanche : Fermé
";Buffet Entrée/Dessert;Étoilé;Haute Gastronomie;Rien
LE LOBBY;19 Av. Kléber, 75116;01 58 12 28 88;"lundi : 07:00–22:30
mardi : 07:00–22:30
mercredi : 07:00–22:30
jeudi : 07:00–22:30
vendredi : 07:00–22:30
samedi : 07:00–22:30
dimanche : 07:00–22:30
";Peninsula Paris;Brasserie/ Institution;Français Traditionnel;Terrasse
CAFÉ DE FLORE;172 Bd Saint-Germain, 75006;01 45 48 55 26;"lundi : 07:30–01:30
mardi : 07:30–01:30
mercredi : 07:30–01:30
jeudi : 07:30–01:30
vendredi : 07:30–01:30
samedi : 07:30–01:30
dimanche : 07:30–01:30
";Historique, Mythique;Brasserie/ Institution;Français Traditionnel;Terrasse
HOTEL COSTES;7 Rue de Castiglione, 75001;01 42 44 50 00;"lundi : 00:00–24:00
mardi : 00:00–24:00
mercredi : 00:00–24:00
jeudi : 00:00–24:00
vendredi : 00:00–24:00
samedi : 00:00–24:00
dimanche : 00:00–24:00
";Très branché, Musique;Trendy/ Festif;Fusion;Terrasse
GIGI;15 Av. Montaigne, 75008;01 47 23 55 99;"lundi : 12:00–15:00, 19:00–22:00
mardi : 12:00–15:00, 19:00–22:00
mercredi : 12:00–15:00, 19:00–22:00
jeudi : 12:00–15:00, 19:00–22:00
vendredi : 12:00–15:00, 19:00–22:00
samedi : 12:00–15:00, 19:00–22:00
dimanche : 12:00–15:00, 19:00–22:00
";Vue Tour Eiffel;Trendy/ Festif;Italien/ Méditerranéen;Vue Tour Eiffel
LOULOU;107 Rue de Rivoli, 75001;06 46 20 02 40;"lundi : 12:00–15:00, 19:00–23:30
mardi : 12:00–15:00, 19:00–23:30
mercredi : 12:00–15:00, 19:00–23:30
jeudi : 12:00–15:00, 19:00–23:30
vendredi : 12:00–15:00, 19:00–23:30
samedi : 12:00–15:00, 19:00–23:30
dimanche : 12:00–15:00, 19:00–23:30
";Jardin des Tuileries;Trendy/ Festif;Italien/ Méditerranéen;Vue Tour Eiffel
LE JULES VERNE;Tour Eiffel (2e étage);01 72 76 16 61;"lundi : 12:00–13:45, 19:00–21:00
mardi : 12:00–13:45, 19:00–21:00
mercredi : 12:00–13:45, 19:00–21:00
jeudi : 12:00–13:45, 19:00–21:00
vendredi : 12:00–13:45, 19:00–21:00
samedi : 12:00–13:45, 19:00–21:00
dimanche : 12:00–13:45, 19:00–21:00
";Vue 125m, Veste obl.;Étoilé;Haute Gastronomie;Lieu d’exception
RALPH’S;173 Bd Saint-Germain, 75006;01 89 20 23 50;"lundi : 12:00–16:00, 19:00–23:00
mardi : 12:00–16:00, 19:00–23:00
mercredi : 12:00–16:00, 19:00–23:00
jeudi : 12:00–16:00, 19:00–23:00
vendredi : 12:00–16:00, 19:00–23:00
samedi : 12:00–16:00, 19:00–23:00
dimanche : 12:00–16:00, 19:00–23:00
";Polo Club, Patio;Trendy/ Festif;Fusion;Terrasse
HOLYWOOD SAVOY;44 Rue N-D des Victoires, 75002;01 83 64 82 95;"lundi : 12:00–02:00
mardi : 12:00–02:00
mercredi : 12:00–02:00
jeudi : 12:00–02:00
vendredi : 12:00–02:00
samedi : 12:00–02:00
dimanche : 12:00–02:00
";Festif;Trendy/ Festif;Fusion;Terrasse
À L'ÉPI D'OR;25 Rue J-J Rousseau, 75001;01 42 36 38 12;"lundi : 12:00–15:00, 19:00–23:00
mardi : 12:00–15:00, 19:00–23:00
mercredi : 12:00–15:00, 19:00–23:00
jeudi : 12:00–15:00, 19:00–23:00
vendredi : 12:00–15:00, 19:00–23:00
samedi : Fermé
dimanche : Fermé
";Rétro Chic;Brasserie/ Institution;Français Traditionnel;Rien
CHEZ JAÏS;3 Rue Surcouf, 75007;01 45 51 98 16;"lundi : Fermé
mardi : 12:00–14:30, 19:30–22:30
mercredi : 12:00–14:30, 19:30–22:30
jeudi : 12:00–14:30, 19:30–22:30
vendredi : 12:00–14:30, 19:30–22:30
samedi : 19:30–22:30
dimanche : Fermé
";Belle carte saison;Confidentiel;Haute Gastronomie;Terrasse
LES DEUX MAGOTS;6 Pl. St-Germain-des-Prés;01 45 48 55 25;"lundi : 07:30–01:00
mardi : 07:30–01:00
mercredi : 07:30–01:00
jeudi : 07:30–01:00
vendredi : 07:30–01:00
samedi : 07:30–01:00
dimanche : 07:30–01:00
";Historique, Brunch;Brasserie/ Institution;Français Traditionnel;Terrasse
LE PROCOPE;13 Rue de l’ancienne Comédie;01 40 46 79 00;"lundi : 12:00–00:00
mardi : 12:00–00:00
mercredi : 12:00–00:00
jeudi : 12:00–00:00
vendredi : 12:00–00:00
samedi : 12:00–00:00
dimanche : 12:00–00:00
";La plus ancienne de Paris;Brasserie/ Institution;Français Traditionnel;Terrasse
LE BERKELEY;7 avenue Matignon, 75008;01 44 07 27 28;"lundi : 12:00–23:30
mardi : 12:00–23:30
mercredi : 12:00–23:30
jeudi : 12:00–23:30
vendredi : 12:00–23:30
samedi : 12:00–23:30
dimanche : 12:00–23:30
";Chic, Matignon;Brasserie/ Institution;Français Traditionnel;Terrasse
KAVOD;26 Rue Jean Mermoz, 75008;01 42 25 65 26;"lundi : 12:15–14:15, 19:30–22:15
mardi : 12:15–14:15, 19:30–22:15
mercredi : 12:15–14:15, 19:30–22:15
jeudi : 12:15–14:15, 19:30–22:15
vendredi : Fermé
samedi : Fermé
dimanche : 19:30–22:15
";Gastronomique chic;Cuisine du Monde;Casher;Rien
KAVOD HALAVI;19 Rue Jean Mermoz, 75008;01 42 89 02 00;"lundi : 12:15–14:15, 19:30–22:15
mardi : 12:15–14:15, 19:30–22:15
mercredi : 12:15–14:15, 19:30–22:15
jeudi : 12:15–14:15, 19:30–22:15
vendredi : Fermé
samedi : Fermé
dimanche : 19:30–22:15
";Méditerranéen, Lacté;Cuisine du Monde;Casher;Rien
LA PATE À NOUILLES;41 Rue de Ponthieu, 75008;01 47 20 06 72;"lundi : 11:00–22:30
mardi : 11:00–22:30
mercredi : 11:00–22:30
jeudi : 11:00–22:30
vendredi : 11:00–22:30
samedi : 11:00–22:30
dimanche : Fermé
";Ramen, Service rapide;Cuisine du Monde;Chinois;Rien
OH MY NOODLE;10 Rue du Colisée, 75008;01 40 70 05 27;"lundi : 11:30–22:00
mardi : 11:30–22:00
mercredi : 11:30–22:00
jeudi : 11:30–22:00
vendredi : 11:30–22:00
samedi : 11:30–15:00, 17:30–22:00
dimanche : 11:30–15:00, 17:30–22:00
";Ramen faits main;Cuisine du Monde;Chinois;Rien
LAO TSEU;209 Bd Saint-Germain, 75007;01 45 48 30 06;"lundi : 12:00–14:30, 19:00–22:30
mardi : 12:00–14:30, 19:00–22:30
mercredi : 12:00–14:30, 19:00–22:30
jeudi : 12:00–14:30, 19:00–22:30
vendredi : 12:00–14:30, 19:00–22:30
samedi : 12:00–14:30, 19:00–22:30
dimanche : 12:00–14:30, 19:00–22:30
";Goût adapté français;Cuisine du Monde;Chinois;Terrasse
IMPERIAL TREASURE;44 Rue de Bassano, 75008;01 58 56 29 13;"lundi : Fermé
mardi : 12:00–14:00, 18:30–22:00
mercredi : 12:00–14:00, 18:30–22:00
jeudi : 12:00–14:00, 18:30–22:00
vendredi : 12:00–14:00, 18:30–22:00
samedi : 12:00–14:00, 18:30–22:00
dimanche : 12:00–14:00, 18:30–22:00
";Canard Pékinois;Étoilé;Chinois;Rien
OKUDA;7 Rue de la Tremoille, 75008;01 40 70 19 19;"lundi : 12:00–13:30, 18:30–21:30
mardi : 12:00–13:30, 18:30–21:30
mercredi : Fermé
jeudi : Fermé
vendredi : 12:00–13:30, 18:30–21:30
samedi : Fermé
dimanche : Fermé
";Michelin, Silence d'or;Étoilé;Japonais;Rien
AKIRA BACK;33 Avenue George V, 75008;01 53 23 78 50;"lundi : 19:00–00:00
mardi : 19:00–00:00
mercredi : 19:00–00:00
jeudi : 19:00–00:00
vendredi : 19:00–00:00
samedi : 19:00–00:00
dimanche : 19:00–00:00
";Melting-pot fusion;Trendy/ Festif;Japonais;Terrasse
SHIRO;168 Bd St Germain, 75006;01 56 81 91 62;"lundi : 12:00–14:00, 19:00–22:00
mardi : 12:00–14:00, 19:00–22:00
mercredi : 12:00–14:00, 19:00–22:00
jeudi : 12:00–14:00, 19:00–22:00
vendredi : 12:00–14:00, 19:00–22:00
samedi : 12:00–14:00, 19:00–22:00
dimanche : 12:00–14:00, 19:00–22:00
";Fusion, Design;Trendy/ Festif;Japonais;Rien
MOOM MAM;19 Rue de Mogador, 75009;01 71 25 26 92;"lundi : 12:00–14:30, 19:00–22:30
mardi : 12:00–14:30, 19:00–22:30
mercredi : 12:00–14:30, 19:00–22:30
jeudi : 12:00–14:30, 19:00–22:30
vendredi : 12:00–14:30, 19:00–22:30
samedi : 12:00–14:30, 19:00–22:30
dimanche : 12:00–14:30, 19:00–22:30
";Brasserie chic, Terrasse;Cuisine du Monde;Asie Sud Est;Terrasse
LITTLE BAMBOU;84 Rue Lauriston, 75016;01 83 64 52 82;"lundi : 12:00–14:30, 18:00–23:00
mardi : 12:00–14:30, 18:00–23:00
mercredi : 12:00–14:30, 18:00–23:00
jeudi : 12:00–14:30, 18:00–23:00
vendredi : 12:00–14:30, 18:00–23:00
samedi : 12:00–14:30, 18:00–23:00
dimanche : 12:00–14:30, 18:00–23:00
";Chaleureux, Singulier;Cuisine du Monde;Asie Sud Est;Terrasse
BAMBOU;23 Rue des Jeuneurs, 75002;01 40 28 98 30;"lundi : 12:00–14:30, 18:00–23:00
mardi : 12:00–14:30, 18:00–23:00
mercredi : 12:00–14:30, 18:00–23:00
jeudi : 12:00–14:30, 18:00–23:00
vendredi : 12:00–14:30, 18:00–23:00
samedi : 12:00–14:30, 18:00–23:00
dimanche : 12:00–14:30, 18:00–23:00
";Terrasse, Salon feutré;Cuisine du Monde;Asie Sud Est;Terrasse
THIOU AU NORMAN;9 Rue Balzac, 75008;01 42 99 80 80;"lundi : 12:00–14:30, 19:00–22:30
mardi : 12:00–14:30, 19:00–22:30
mercredi : 12:00–14:30, 19:00–22:30
jeudi : 12:00–14:30, 19:00–22:30
vendredi : 12:00–14:30, 19:00–22:30
samedi : 12:00–14:30, 19:00–22:30
dimanche : Fermé
";Tigre qui pleure, Palace;Cuisine du Monde;Asie Sud Est;Terrasse
SHARMAJI;16 Rue Frémicourt, 75015;09 78 80 52 78;"lundi : Fermé
mardi : 12:00–14:15, 18:30–22:30
mercredi : 12:00–14:15, 18:30–22:30
jeudi : 12:00–14:15, 18:30–22:30
vendredi : 12:00–14:15, 18:30–22:30
samedi : 12:00–14:15, 18:30–22:30
dimanche : 12:00–14:30
";Michelin, Coloré;Cuisine du Monde;Indien;Rien
KHAJURAHO;14 Bd de la Tour-Maubourg;01 42 73 29 18;"lundi : 12:00–14:00, 19:00–22:00
mardi : 12:00–14:00, 19:00–22:00
mercredi : 12:00–14:00, 19:00–22:00
jeudi : 12:00–14:00, 19:00–22:00
vendredi : 12:00–14:00, 19:00–22:00
samedi : 12:00–14:00, 19:00–22:00
dimanche : Fermé
";Cuisine royale;Cuisine du Monde;Indien;Rien
ANNAPURNA;32 Rue de Berri, 75008;01 45 63 91 62;"lundi : 12:00–14:30, 19:00–22:45
mardi : 12:00–14:30, 19:00–22:45
mercredi : 12:00–14:30, 19:00–22:45
jeudi : 12:00–14:30, 19:00–22:45
vendredi : 12:00–14:30, 19:00–22:45
samedi : 19:00–22:45
dimanche : Fermé
";Club anglais, Feutré;Cuisine du Monde;Indien;Rien
MADONNA;52 Rue La Fayette, 75009;01 47 70 59 08;"lundi : 12:00–00:00
mardi : 12:00–00:00
mercredi : 12:00–00:00
jeudi : 12:00–00:00
vendredi : 12:00–00:00
samedi : 12:00–00:00
dimanche : 12:00–00:00
";Opulent, Raffiné;Trendy/ Festif;Italien/ Méditerranéen;Terrasse
PAVYLLON PARIS;8 Av. Dutuit, 75008;01 53 05 10 10;"lundi : 12:00–14:30, 19:00–22:30
mardi : 12:00–14:30, 19:00–22:30
mercredi : 12:00–14:30, 19:00–22:30
jeudi : 12:00–14:30, 19:00–22:30
vendredi : 12:00–14:30, 19:00–22:30
samedi : 12:00–14:30, 19:00–22:30
dimanche : 12:00–14:30, 19:00–22:30
";Yannick Alléno, Comptoir;Étoilé;Haute Gastronomie;Lieu d’exception
MOJJU ;4 rue de l'Exposition, 75007;01 45 51 88 38;"lundi : 19:15–22:00
mardi : 19:15–22:00
mercredi : 19:15–22:00
jeudi : 19:15–22:00
vendredi : 12:15–14:00, 19:15–22:30
samedi : 12:15–14:00, 19:15–22:30
dimanche : 12:15–14:00, 19:15–22:00
";Hanok trad., Équipe Corée;Cuisine du Monde;Fusion;Rien
Phô Tai;13 rue Philibert-Lucot, 13e;01 45 85 97 36;"lundi : Fermé
mardi : 12:00–15:00, 18:45–22:15
mercredi : 12:00–15:00, 18:45–22:15
jeudi : 12:00–15:00, 18:45–22:15
vendredi : 12:00–15:00, 18:45–22:15
samedi : 12:00–15:00, 18:45–22:15
dimanche : 12:00–15:00, 18:45–22:15
";Cantine familiale, tonitruante et conviviale.;Cuisine du Monde;Asie Sud Est;Rien
Mắm From Hanoï;39 rue de Cléry, 2e;01 42 33 12 31;"lundi : 12:00–14:30
mardi : 12:00–14:30, 19:00–21:30
mercredi : 12:00–14:30, 19:00–21:30
jeudi : 12:00–14:30, 19:00–21:30
vendredi : 12:00–14:30, 19:00–21:30
samedi : 12:00–14:30, 19:00–21:30
dimanche : Fermé
";Sobre, traditionnel, spécialité sauce Mắm.;Cuisine du Monde;Asie Sud Est;Rien
Hanoi 1988;72 Quai des Orfèvres, 1er;07 65 21 68 68;"lundi : 12:00–17:00, 19:00–23:00
mardi : 12:00–17:00, 19:00–23:00
mercredi : 12:00–17:00, 19:00–23:00
jeudi : 12:00–17:00, 19:00–23:00
vendredi : 12:00–17:00, 19:00–23:00
samedi : Fermé
dimanche : Fermé
";Petite cantine typique, produits frais, ambiance cool.;Cuisine du Monde;Asie Sud Est;Terrasse
Icosium;17 bis Rue Campagne Première, 14e;01 43 20 97 81;"lundi : 09:00–14:00, 19:00–22:30
mardi : 09:00–14:00, 19:00–22:30
mercredi : 09:00–14:00, 19:00–22:30
jeudi : 09:00–14:00, 19:00–22:30
vendredi : 09:00–14:00, 19:00–22:30
samedi : 09:00–14:00, 19:00–22:30
dimanche : Fermé
";Casse les codes traditionnels, moderne.;Cuisine du Monde;Maghreb/ Moyen Orient;Rien
Wally Le Saharien;36 Rue Rodier, 9e;01 42 85 51 90;"lundi : Fermé
mardi : 12:00–14:00, 19:00–23:00
mercredi : 12:00–14:00, 19:00–23:00
jeudi : 12:00–14:00, 19:00–23:00
vendredi : 12:00–14:00, 19:00–23:00
samedi : 12:00–14:00, 19:00–23:00
dimanche : Fermé
";Décor Mille et Une Nuits, couscous saharien.;Cuisine du Monde;Maghreb/ Moyen Orient;Rien
Les Piétons;8 Rue des Lombards, 4e;01 40 29 49 13;"lundi : 11:00–02:00
mardi : 11:00–02:00
mercredi : 11:00–02:00
jeudi : 11:00–02:00
vendredi : 11:00–02:00
samedi : 11:00–02:00
dimanche : 11:00–02:00
";Bar à Tapas historique, ambiance festive.;Cuisine du Monde;Italien/ Méditerranéen;Terrasse
Au Derrick Catalan;346 Rue Lecourbe, 15e;01 45 58 48 75;"lundi : 12:00–14:00, 19:00–22:30
mardi : 12:00–14:00, 19:00–22:30
mercredi : 12:00–14:00, 19:00–22:30
jeudi : 12:00–14:00, 19:00–22:30
vendredi : 12:00–14:00, 19:00–22:30
samedi : 12:00–14:00, 19:00–22:30
dimanche : 12:00–14:00
";Gastronomie catalane, cadre traditionnel.;Cuisine du Monde;Italien/ Méditerranéen;Rien
Saudade;34 rue des Bourdonnais, 1er;01 42 36 30 71;"lundi : 12:00–14:00, 19:00–22:30
mardi : 12:00–14:00, 19:00–22:30
mercredi : 12:00–14:00, 19:00–22:30
jeudi : 12:00–14:00, 19:00–22:30
vendredi : 12:00–14:00, 19:00–22:30
samedi : 12:00–14:00, 19:00–22:30
dimanche : Fermé
";Traditionnel, chic, soirées Fado (1er mardi du mois).;Cuisine du Monde;Italien/ Méditerranéen;Rien
Café Titon;34 rue Titon, 11e;01 43 71 74 51;"lundi : 08:00–02:00
mardi : 08:00–02:00
mercredi : 08:00–02:00
jeudi : 08:00–02:00
vendredi : 08:00–02:00
samedi : 08:00–02:00
dimanche : 09:00–00:00
";Diversité de saucisses, ambiance de quartier.;Cuisine du Monde;Fusion;Terrasse
Oxte;5 rue Troyon, 17e;01 45 75 15 15;"lundi : 12:15–13:45, 19:15–20:45
mardi : 12:15–13:45, 19:15–20:45
mercredi : 12:15–13:45, 19:15–20:45
jeudi : 12:15–13:45, 19:15–20:45
vendredi : 12:15–13:45, 19:15–20:45
samedi : Fermé
dimanche : Fermé
";1 Michelin*, cuisine d'une grande finesse.;Étoilé;Latino/ Sud Américain;Terrasse
Alan Geaam;19 rue Lauriston, 16e;01 45 01 72 97;"lundi : 12:00–14:00, 19:30–21:30
mardi : 12:00–14:00, 19:30–21:30
mercredi : 12:00–14:00, 19:30–21:30
jeudi : 12:00–14:00, 19:30–21:30
vendredi : 12:00–14:00, 19:30–21:30
samedi : Fermé
dimanche : Fermé
";1 Michelin*, gastronomique de renom.;Étoilé;Maghreb/ Moyen Orient;Rien
Al Hajami;58 Rue François 1er, 8e;01 42 25 38 44;"lundi : 12:00–23:00
mardi : 12:00–23:00
mercredi : 12:00–23:00
jeudi : 12:00–23:00
vendredi : 12:00–23:00
samedi : 12:00–23:00
dimanche : 12:00–23:00
";Recommandé, chic dans le Triangle d'Or.;Cuisine du Monde;Maghreb/ Moyen Orient;Rien
Ferona;7 Rue Chevalier de St-George, 8e;01 42 61 16 80;"lundi : 11:30–23:30
mardi : 11:30–23:30
mercredi : 11:30–23:30
jeudi : 11:30–23:30
vendredi : 11:30–23:30
samedi : 11:30–23:30
dimanche : 11:30–23:30
";Moderne, grillades argentines.;Cuisine du Monde;Latino/ Sud Américain;Rien
Baez;2 Rue de Sontay, 16e;09 84 10 77 58;"lundi : Fermé
mardi : 12:00–14:30, 19:00–22:30
mercredi : 12:00–14:30, 19:00–22:30
jeudi : 12:00–14:30, 19:00–22:30
vendredi : 12:00–14:30, 19:00–22:30
samedi : 12:00–14:30, 19:00–22:30
dimanche : Fermé
";Chic, nappes blanches, empanadas et steaks.;Trendy/ Festif;Latino/ Sud Américain;Rien
Langosteria;8 quai du Louvre, 1er;01 79 35 50 33;"lundi : 18:00–23:00
mardi : 18:00–23:00
mercredi : 12:00–15:00, 18:00–23:00
jeudi : 12:00–15:00, 18:00–23:00
vendredi : 12:00–15:00, 18:00–23:00
samedi : 12:00–15:00, 18:00–23:00
dimanche : 12:00–15:00, 18:00–23:00
";Méditerranéen luxe au Cheval Blanc.;Trendy/ Festif;Produits de la Mer;Vue Tour Eiffel
Prunier;16 Av. Victor Hugo, 16e;01 44 17 35 85;"lundi : Fermé
mardi : 12:00–14:30, 19:00–23:30
mercredi : 12:00–14:30, 19:00–23:30
jeudi : 12:00–14:30, 19:00–23:30
vendredi : 12:00–14:30, 19:00–23:30
samedi : 12:00–14:30, 19:00–23:30
dimanche : 12:00–14:30, 19:00–23:30
";Art Déco, spécialité caviar et brunch.;Brasserie/ Institution;Produits de la Mer;Rien
Divellec;18 Rue Fabert, 7e;01 45 51 91 96;"lundi : 12:00–13:30, 19:00–21:30
mardi : 12:00–13:30, 19:00–21:30
mercredi : 12:00–13:30, 19:00–21:30
jeudi : 12:00–13:30, 19:00–21:30
vendredi : 12:00–13:30, 19:00–21:30
samedi : 12:00–13:30, 19:00–21:30
dimanche : 12:00–13:30, 19:00–21:30
";1 Michelin*, cadre sophistiqué, innovant.;Brasserie/ Institution;Produits de la Mer;Terrasse
Marius et Janette;4 Av. George V, 8e;01 47 23 41 88;"lundi : 12:00–15:00, 19:00–23:00
mardi : 12:00–15:00, 19:00–23:00
mercredi : 12:00–15:00, 19:00–23:00
jeudi : 12:00–15:00, 19:00–23:00
vendredi : 12:00–15:00, 19:00–23:00
samedi : 12:00–15:00, 19:00–23:00
dimanche : 12:00–15:00, 19:00–23:00
";Intérieur yacht en bois vernis, très raffiné.;Brasserie/ Institution;Produits de la Mer;Terrasse
Le Duc;243 Boulevard Raspail, 14e;01 43 20 96 30;"lundi : 12:00–14:00, 19:30–22:30
mardi : 12:00–14:00, 19:30–22:30
mercredi : 12:00–14:00, 19:30–22:30
jeudi : 12:00–14:00, 19:30–22:30
vendredi : 12:00–14:00, 19:30–22:30
samedi : 12:00–14:00, 19:30–22:30
dimanche : Fermé
";Institution gastronomique très sélective.;Brasserie/ Institution;Produits de la Mer;Rien
Clover Grill;6 rue Bailleul, 1er;01 40 41 59 59;"lundi : Fermé
mardi : 18:00–23:00
mercredi : 18:00–23:00
jeudi : 12:00–15:00, 19:00–23:00
vendredi : 12:00–15:00, 19:00–23:00
samedi : 12:00–15:00, 19:00–23:00
dimanche : 12:00–15:00, 19:00–23:00
";Raffiné, cuisson braise ou broche.;Confidentiel;Viande/ Steakhouse;Rien 
La Maison de l'Aubrac;37 Rue Marbeuf, 8e;01 43 59 95 16;"lundi : Fermé
mardi : 12:00–01:00
mercredi : 12:00–06:00
jeudi : 12:00–07:15
vendredi : 12:00–07:15
samedi : 12:00–07:15
dimanche : 12:00–01:00
";Élevage familial, ouvert très tard.;Brasserie/ Institution;Viande/ Steakhouse;Terrasse
Dom Juan II;5 Port Debilly, 16e;01 83 77 44 40;"lundi : Fermé
mardi : 19:45-23:00
mercredi : 19:45-23:00
jeudi : 19:45-23:00
vendredi : 19:45-23:00
samedi : 19:45-23:00
dimanche : Fermé
";Péniche sur l’eau;Étoilé;Haute Gastronomie;Lieu d’exception